<?xml version="1.0" encoding="UTF-8"?>
<uptime xmlns:xsi="http://www.w3.org/2001/XMLSchema-instance" xsi:schemaLocation="http://www.uptimesoftware.com/erdc/erdc erdc"
	xmlns="http://www.uptimesoftware.com/erdc/erdc" xmlns:upt="http://www.uptimesoftware.com/erdc/erdc" version="4.0"
	target_grouping="other">

	<class>Advanced Windows Service Check</class>
	<exec>JAVA_PLUGIN:UptimeMonitorWindowsServiceCheckAdvanced</exec>
	<erdc_version>1.11</erdc_version>
	<category>Operating System Monitors</category>
	<category_related></category_related>
	<grid_info>
		<supported_versions>7.3,7.4</supported_versions>
		<supported_platforms>windows, linux</supported_platforms>
		<upgrade_in_place>true</upgrade_in_place>
		<requires_agent_scripts>false</requires_agent_scripts>
	</grid_info>

	<elements>
		<element name="domainName" parameter_type="input" data_type="string" gui_basic="1" range_type="0" units="">
			<control_options>size:10</control_options>
			<default_value></default_value>
			<short_description>Domain</short_description>
			<long_description>Domain of remote host</long_description>
			<validation_rule />
			<error_message />
			<gui_type>
				<string />
			</gui_type>
		</element>

		<element name="adminName" parameter_type="input" data_type="string" gui_basic="1" range_type="0" units="">
			<control_options>size:10</control_options>
			<default_value></default_value>
			<short_description>Username</short_description>
			<long_description>Username of remote host</long_description>
			<validation_rule />
			<error_message />
			<gui_type>
				<string />
			</gui_type>
		</element>

		<element name="password" parameter_type="input" data_type="string" gui_basic="1" range_type="0" units="">
			<control_options>size:10</control_options>
			<default_value></default_value>
			<short_description>Password</short_description>
			<long_description>Enter the password for the remote host</long_description>
			<validation_rule />
			<error_message />
			<gui_type>
				<password />
			</gui_type>
		</element>

		<element name="serviceDisplayName" parameter_type="input" data_type="string" gui_basic="1" range_type="0"
			units="">
			<control_options>size:10</control_options>
			<default_value></default_value>
			<short_description>Service display name</short_description>
			<long_description>String which accepts regular expressions, also accepts comma separated list of services (ex.
				IIS*,SQL*, *.NET*)
			</long_description>
			<validation_rule>
				<alphanumeric />
			</validation_rule>
			<error_message>
				<alphanumeric>required field</alphanumeric>
			</error_message>
			<gui_type>
				<string />
			</gui_type>
		</element>

		<element name="startupTypeInclude" parameter_type="input" data_type="string" gui_basic="1" range_type="0"
			units="">
			<control_options>size:8</control_options>
			<default_value></default_value>
			<short_description>Startup Type (Include)</short_description>
			<long_description>Startup type to include</long_description>
			<validation_rule />
			<error_message />
			<gui_type>
				<single_select type="dropdown">
					<value>Automatic</value>
					<value>Manual</value>
					<value>Disabled</value>
				</single_select>
			</gui_type>
		</element>

		<element name="startupTypeExclude" parameter_type="input" data_type="string" gui_basic="1" range_type="0"
			units="">
			<control_options>size:8</control_options>
			<default_value></default_value>
			<short_description>Startup Type (Exclude)</short_description>
			<long_description>Startup type to exclude</long_description>
			<validation_rule />
			<error_message />
			<gui_type>
				<single_select type="dropdown">
					<value>Automatic</value>
					<value>Manual</value>
					<value>Disabled</value>
				</single_select>
			</gui_type>
		</element>

		<element name="serviceStatusInclude" parameter_type="input" data_type="string" gui_basic="1" range_type="0">
			<control_options> size:40 </control_options>
			<default_value />
			<short_description> Service Status (Include) </short_description>
			<long_description> Service Status to include </long_description>
			<validation_rule />
			<error_message />
			<gui_type>
				<single_select type="dropdown">
					<value>Stopped</value>
					<value>Start Pending</value>
					<value>Stop Pending</value>
					<value>Running</value>
					<value>Continue Pending</value>
					<value>Pause Pending</value>
					<value>Paused</value>
				</single_select>
			</gui_type>
		</element>

		<element name="serviceStatusExclude" parameter_type="input" data_type="string" gui_basic="1" range_type="0">
			<control_options> size:40 </control_options>
			<default_value />
			<short_description> Service Status (Exclude) </short_description>
			<long_description> Service Status to exclude </long_description>
			<validation_rule />
			<error_message />
			<gui_type>
				<single_select type="dropdown">
					<value>Stopped</value>
					<value>Start Pending</value>
					<value>Stop Pending</value>
					<value>Running</value>
					<value>Continue Pending</value>
					<value>Pause Pending</value>
					<value>Paused</value>
				</single_select>
			</gui_type>
		</element>

		<element name="numberOfMatches" parameter_type="output" data_type="integer" gui_basic="1" range_type="0">
			<control_options>size:40</control_options>
			<default_value />
			<short_description>Number of matches</short_description>
			<long_description>The number of matched result</long_description>
			<validation_rule />
			<error_message />
			<gui_type>
				<integer />
			</gui_type>
		</element>

		<element name="matchedServices" parameter_type="output" data_type="string" gui_basic="1" range_type="0">
			<control_options>size:40</control_options>
			<default_value />
			<short_description>Matched Services</short_description>
			<long_description>List of matched services</long_description>
			<validation_rule />
			<error_message />
			<gui_type>
				<string />
			</gui_type>
		</element>

		<element name="timer" parameter_type="output" data_type="integer" gui_basic="0" range_type="0" units="ms">
			<control_options>size:8</control_options>
			<default_value />
			<short_description>Response time</short_description>
			<long_description>Response time in ms</long_description>
			<validation_rule />
			<error_message />
			<gui_type>
				<integer />
			</gui_type>
		</element>

	</elements>
	<help>Check the status of multiple windows services via a variety of filters</help>
</uptime>
